{
  "train_steps": 5,
  "dataset_size": 8,
  "baseline_average_reward": 0.30000000000000004,
  "trained_average_reward": 1.5,
  "improvement": 1.2,
  "reward_curve": [
    0.5000000000000001,
    0.5000000000000001,
    -0.5,
    1.5,
    0.19999999999999998,
    0.19999999999999998,
    1.5,
    0.19999999999999998,
    -0.5,
    1.5,
    1.5,
    0.5000000000000001,
    1.5,
    0.5000000000000001,
    0.5000000000000001,
    1.5,
    0.5000000000000001,
    0.5000000000000001,
    1.5,
    0.5000000000000001,
    0.5000000000000001,
    1.5,
    0.5000000000000001,
    0.5000000000000001,
    1.5,
    0.5000000000000001,
    0.19999999999999998,
    1.5,
    0.19999999999999998
  ],
  "policy_path": "artifacts\\grpo_check\\rl_policy.json",
  "grpo": {
    "status": "completed",
    "model": "sshleifer/tiny-gpt2",
    "max_steps": 1
  }
}