{
  "train_steps": 40,
  "dataset_size": 8,
  "baseline_average_reward": -0.13750000000000004,
  "trained_average_reward": 1.6,
  "improvement": 1.7375,
  "reward_curve": [
    1.6,
    1.6,
    1.6,
    1.6,
    -2.7755575615628914e-17,
    1.6,
    1.0999999999999999,
    1.6,
    1.6,
    1.6,
    1.6,
    1.6,
    1.6,
    1.2,
    1.6,
    1.6,
    1.6,
    1.6,
    1.6,
    1.6,
    1.6,
    -2.7755575615628914e-17,
    1.6,
    1.6,
    1.6,
    1.6,
    1.6,
    1.0999999999999999,
    1.6,
    1.6,
    1.6,
    1.6,
    1.6,
    -0.5,
    1.6,
    1.6,
    1.6,
    -2.7755575615628914e-17,
    1.6,
    1.6,
    1.6,
    -0.30000000000000004,
    0.5,
    1.6,
    1.6,
    -0.5,
    1.6,
    -2.7755575615628914e-17,
    1.2,
    1.6,
    -2.7755575615628914e-17,
    1.0999999999999999,
    1.6,
    -2.7755575615628914e-17,
    1.0999999999999999,
    1.6,
    -2.7755575615628914e-17,
    1.0999999999999999,
    1.6,
    -2.7755575615628914e-17,
    1.0999999999999999,
    1.6,
    -0.30000000000000004,
    0.5
  ],
  "policy_path": "artifacts\\grpo_recheck\\rl_policy.json",
  "grpo": {
    "status": "not_requested"
  }
}