{
  "metadata": {
    "trained": true,
    "training_episodes": 285,
    "total_steps": 804,
    "last_review_action_id": "reduce_complexity",
    "guard_variant": 2
  },
  "epsilon": 0.05,
  "exploration_rate": 0.3,
  "learning_rate": 0.15,
  "action_bias": {
    "optimize_loop": 0.003014027693989421,
    "add_guard_clause": 0.5891205766444579,
    "refactor_structure": 0.0032783868269163526,
    "reduce_complexity": 0.4045870088346363
  },
  "action_scores": {
    "optimize_loop": 6.415575140688226,
    "add_guard_clause": 11.690928728943426,
    "refactor_structure": 6.49964933242608,
    "reduce_complexity": 11.315164667630139
  },
  "action_probs": {
    "optimize_loop": 0.003014027693989421,
    "add_guard_clause": 0.5891205766444579,
    "refactor_structure": 0.0032783868269163526,
    "reduce_complexity": 0.4045870088346363
  },
  "last_action_id": "reduce_complexity",
  "repeated_action_count": 0
}