{
  "metadata": {
    "trained": true,
    "training_episodes": 285,
    "total_steps": 778,
    "last_review_action_id": "add_guard_clause",
    "guard_variant": 2
  },
  "epsilon": 0.05,
  "exploration_rate": 0.3,
  "learning_rate": 0.15,
  "action_bias": {
    "optimize_loop": 0.009893478553915024,
    "add_guard_clause": 0.8101580859058802,
    "refactor_structure": 0.009835025060107569,
    "reduce_complexity": 0.17011341048009718
  },
  "action_scores": {
    "optimize_loop": 6.580575140688227,
    "add_guard_clause": 10.98592872894343,
    "refactor_structure": 6.57464933242608,
    "reduce_complexity": 9.42516466763014
  },
  "action_probs": {
    "optimize_loop": 0.009893478553915024,
    "add_guard_clause": 0.8101580859058802,
    "refactor_structure": 0.009835025060107569,
    "reduce_complexity": 0.17011341048009718
  },
  "last_action_id": "add_guard_clause",
  "repeated_action_count": 0
}